{
  "assetsByChunkName": {
    "vendors~app-account~app-checkout~app-confirmation~app-order": "chunk.8ff3b8f8ec1d9a384cf3.js",
    "vendors~app-account~app-confirmation~app-order": "chunk.995debe0ca2a7db9b789.js",
    "vendors~app-account~app-checkout": "chunk.02aff290480232d6d5d5.js",
    "vendors~app-cart~app-checkout": "chunk.da797f82992654b0290d.js",
    "admin": [
      "admin.f10586ebd70fd2f7b8ec.js",
      "admin.f10586ebd70fd2f7b8ec.js.map"
    ],
    "app-account": "chunk.3ea4cb1fcf8ba0ea0720.js",
    "app-checkout": "chunk.b7c8f34b62f470315ae0.js",
    "app-confirmation": "chunk.28e434e821a0958ac294.js",
    "app-order": "chunk.d4056e06fe65841761d5.js",
    "checkout": [
      "checkout.7ec997ebc4feb1e0eaf0.js",
      "checkout.7ec997ebc4feb1e0eaf0.js.map"
    ],
    "storefront": [
      "storefront.f911e170e675e7e96c3a.css",
      "storefront.1a583b0a25e10bf53798.js",
      "storefront.f911e170e675e7e96c3a.css.map",
      "storefront.1a583b0a25e10bf53798.js.map"
    ],
    "vendors~app-cart": "chunk.ffcce9d641c2606efa98.js"
  }
}