{
  "marketing_stripe": {
    "text": "APROVEITE 5%OFF EM TODO SITE PAGANDO EM PIX!",
    "link": "",
    "background": "#000000",
    "color": "#ffffff"
  },
  "contacts_stripe": {
    "pages": [
      {
        "title": "CLUBE +VIVA",
        "link": "https://cmaisviva.fidelimax.com.br/"
      }
    ],
    "phone_wpp": false,
    "socials": true
  },
  "categories_list": {
    "featured": [
      "/acessorios?ACESSÓRIOS",
      "/bag?BAG",
      "/cabos-e-carregadores?CABOS E CARREGADORES",
      "/capinhas?CAPINHAS",
      "/cases?CASES",
      "/combos?COMBOS",
      "/fone-de-ouvido?FONE DE OUVIDO",
      "/peliculas?PELÍCULAS",
      "/personalizacao?PERSONALIZAÇÃO",
      "/salva-celular?SALVA CELULAR"
    ],
    "random": 6,
    "full_width": true
  },
  "desktop_megamenu": false,
  "search_input": true,
  "alphabetical_order_submenu": false,
  "full_width_submenu": false
}