{
  "meta_title": "",
  "meta_description": "",
  "sections": [
    {
      "type": "banner-slider",
      "autoplay": 8000,
      "full_width": false,
      "slides": [
        {
          "start": "",
          "end": "",
          "img": "/img/uploads/banner-frete-gratis-para-loja-online-de-headset_compressed_compressed-1-.png-1-.jpg",
          "link": "https://api.whatsapp.com/send/?phone=5511984242400&text&type=phone_number&app_absent=0"
        },
        {
          "start": "",
          "end": "",
          "img": "/img/uploads/capinhas-eco-banner.jpg",
          "link": "https://cmaisonline.com.br/eco"
        },
        {
          "start": "",
          "end": "",
          "img": "/img/uploads/primeira-compra.png"
        },
        {
          "start": "",
          "end": "",
          "img": "/img/uploads/2.png"
        },
        {
          "start": "",
          "end": "",
          "img": "/img/uploads/banner-personalize.jpg",
          "link": "https://cmaisonline.com.br/personalizacao"
        },
        {
          "start": "",
          "end": "",
          "img": "/img/uploads/banner-migs.jpg",
          "link": "https://cmaisonline.com.br/salva-celular"
        },
        {
          "start": "",
          "end": "",
          "img": "/img/uploads/verde-neon-roxo-preto-moderno-grunge-arte-para-canal-do-youtube-1-.png"
        }
      ]
    },
    {
      "type": "info-bar",
      "enabled": true
    },
    {
      "type": "collection-shelf",
      "shuffle": false,
      "limit": 12,
      "page": 1,
      "sort": "news",
      "title": "+ ACABOU DE CHEGAR"
    },
    {
      "type": "brands-carousel",
      "limit": 24,
      "offset": 0,
      "sort": "name"
    },
    {
      "type": "collection-shelf",
      "shuffle": true,
      "limit": 12,
      "page": 1,
      "sort": "offers",
      "title": "+ APROVEITA QUE TÁ EM OFERTA"
    },
    {
      "type": "responsive-banner",
      "img": "/img/uploads/frete-gratis-23_easy-resize.com.jpg"
    },
    {
      "type": "collection-shelf",
      "shuffle": false,
      "limit": 12,
      "page": 1,
      "title": "+ OS QUERIDINHOS DA C+",
      "sort": "sales"
    },
    {
      "type": "responsive-banner",
      "img": "/img/uploads/banner-recarregue.png",
      "link": "wa.me/5511984242400"
    },
    {
      "type": "dynamic-showcase",
      "load_more": true,
      "sort": "news"
    },
    {
      "type": "responsive-banner",
      "img": "/img/uploads/banner-nao-vai.png",
      "link": "https://wa.me/5511984242400"
    }
  ]
}